Name,Stop ID,Service Provider Name,Latitude,Longitude,ROUTE ID,Route Name,Line Number,Line Colour,Colour Hex Code,City
SENTUL TIMUR,AG1,Rapid KL,3.185821,101.695335,AG,Ampang Line,3,Orange,#fe8e10,Kuala Lumpur
PUDU,AG10,Rapid KL,3.134920,101.712011,AG,Ampang Line,3,Orange,#fe8e10,Kuala Lumpur
CHAN SOW LIN,AG11,Rapid KL,3.128025,101.715546,AG,Ampang Line,3,Orange,#fe8e10,Kuala Lumpur
MIHARJA,AG12,Rapid KL,3.120931,101.717861,AG,Ampang Line,3,Orange,#fe8e10,Kuala Lumpur
MALURI,AG13,Rapid KL,3.123276,101.726946,AG,Ampang Line,3,Orange,#fe8e10,Kuala Lumpur
PANDAN JAYA,AG14,Rapid KL,3.130258,101.738991,AG,Ampang Line,3,Orange,#fe8e10,Kuala Lumpur
PANDAN INDAH,AG15,Rapid KL,3.134827,101.746748,AG,Ampang Line,3,Orange,#fe8e10,Kuala Lumpur
CEMPAKA,AG16,Rapid KL,3.138458,101.752945,AG,Ampang Line,3,Orange,#fe8e10,Kuala Lumpur
CAHAYA,AG17,Rapid KL,3.140643,101.756607,AG,Ampang Line,3,Orange,#fe8e10,Kuala Lumpur
AMPANG,AG18,Rapid KL,3.150512,101.760127,AG,Ampang Line,3,Orange,#fe8e10,Kuala Lumpur
SENTUL,AG2,Rapid KL,3.178591,101.695510,AG,Ampang Line,3,Orange,#fe8e10,Kuala Lumpur
TITIWANGSA,AG3,Rapid KL,3.173591,101.695273,AG,Ampang Line,3,Orange,#fe8e10,Kuala Lumpur
PWTC,AG4,Rapid KL,3.166563,101.693594,AG,Ampang Line,3,Orange,#fe8e10,Kuala Lumpur
SULTAN ISMAIL,AG5,Rapid KL,3.161185,101.694127,AG,Ampang Line,3,Orange,#fe8e10,Kuala Lumpur
BANDARAYA,AG6,Rapid KL,3.155548,101.694406,AG,Ampang Line,3,Orange,#fe8e10,Kuala Lumpur
MASJID JAMEK,AG7,Rapid KL,3.149462,101.696396,AG,Ampang Line,3,Orange,#fe8e10,Kuala Lumpur
PLAZA RAKYAT,AG8,Rapid KL,3.144264,101.702054,AG,Ampang Line,3,Orange,#fe8e10,Kuala Lumpur
HANG TUAH,AG9,Rapid KL,3.139843,101.706133,AG,Ampang Line,3,Orange,#fe8e10,Kuala Lumpur
KL SENTRAL,KA01,Keretapi Tanah Melayu,3.134603,101.686567,KA,Seremban Line,1,Blue,#0000FF,Kuala Lumpur
KL SENTRAL,KA01,Keretapi Tanah Melayu,3.134603,101.686567,KA,Port Klang Line,2,Red,#ff0000,Kuala Lumpur
KUALA LUMPUR,KA02,Keretapi Tanah Melayu,3.1395126,101.6937889,KA,Seremban Line,1,Blue,#0000FF,Kuala Lumpur
KUALA LUMPUR,KA02,Keretapi Tanah Melayu,3.1395804,101.693629,KA,Port Klang Line,2,Red,#ff0000,Kuala Lumpur
BANK NEGARA,KA03,Keretapi Tanah Melayu,3.1545422,101.6930105,KA,Seremban Line,1,Blue,#0000FF,Kuala Lumpur
BANK NEGARA,KA03,Keretapi Tanah Melayu,3.1545691,101.6929903,KA,Port Klang Line,2,Red,#ff0000,Kuala Lumpur
PUTRA,KA04,Keretapi Tanah Melayu,3.165005,101.691234,KA,Seremban Line,1,Blue,#0000FF,Kuala Lumpur
PUTRA,KA04,Keretapi Tanah Melayu,3.165005,101.691234,KA,Port Klang Line,2,Red,#ff0000,Kuala Lumpur
SEGAMBUT,KA05,Keretapi Tanah Melayu,3.1864391,101.6642105,KA,Port Klang Line,2,Red,#ff0000,Kuala Lumpur
KEPONG,KA06,Keretapi Tanah Melayu,3.202810,101.6374,KA,Port Klang Line,2,Red,#ff0000,Kuala Lumpur
KEPONG SENTRAL,KA07,Keretapi Tanah Melayu,3.2086928,101.6285123,KA,Port Klang Line,2,Red,#ff0000,Kuala Lumpur
SUNGAI BULOH,KA08,Keretapi Tanah Melayu,3.206204,101.580781,KA,Port Klang Line,2,Red,#ff0000,Kuala Lumpur
KUANG,KA09,Keretapi Tanah Melayu,3.258260,101.55473,KA,Port Klang Line,2,Red,#ff0000,Kuala Lumpur
RAWANG,KA10,Keretapi Tanah Melayu,3.318850,101.57498,KA,Port Klang Line,2,Red,#ff0000,Kuala Lumpur
SERENDAH,KA11,Keretapi Tanah Melayu,3.3760667,101.6144481,KA,Port Klang Line,2,Red,#ff0000,Kuala Lumpur
BATANG KALI,KA12,Keretapi Tanah Melayu,3.4683857,101.6377519,KA,Port Klang Line,2,Red,#ff0000,Kuala Lumpur
RASA,KA13,Keretapi Tanah Melayu,3.5003142,101.6341973,KA,Port Klang Line,2,Red,#ff0000,Kuala Lumpur
KUALA KUBU BHARU,KA14,Keretapi Tanah Melayu,3.5532917,101.6395744,KA,Port Klang Line,2,Red,#ff0000,Kuala Lumpur
TANJUNG MALIM,KA15,Keretapi Tanah Melayu,3.6847038,101.5182181,KA,Port Klang Line,2,Red,#ff0000,Kuala Lumpur
MID VALLEY,KB01,Keretapi Tanah Melayu,3.1185282,101.6789854,KB,Seremban Line,1,Blue,#0000FF,Kuala Lumpur
SEPUTEH,KB02,Keretapi Tanah Melayu,3.1136966,101.6812992,KB,Seremban Line,1,Blue,#0000FF,Kuala Lumpur
SALAK SELATAN,KB03,Keretapi Tanah Melayu,3.098229,101.7053567,KB,Seremban Line,1,Blue,#0000FF,Kuala Lumpur
BANDAR TASIK SELATAN,KB04,Keretapi Tanah Melayu,3.076313,101.711115,KB,Seremban Line,1,Blue,#0000FF,Kuala Lumpur
SERDANG,KB05,Keretapi Tanah Melayu,3.0231837,101.7159332,KB,Seremban Line,1,Blue,#0000FF,Kuala Lumpur
KAJANG,KB06,Keretapi Tanah Melayu,2.983108,101.7905234,KB,Seremban Line,1,Blue,#0000FF,Kuala Lumpur
UKM,KB07,Keretapi Tanah Melayu,2.9396732,101.7878345,KB,Seremban Line,1,Blue,#0000FF,Kuala Lumpur
BANGI,KB08,Keretapi Tanah Melayu,2.903964,101.786039,KB,Seremban Line,1,Blue,#0000FF,Kuala Lumpur
BATANG BENAR,KB09,Keretapi Tanah Melayu,2.8303933,101.8268143,KB,Seremban Line,1,Blue,#0000FF,Kuala Lumpur
NILAI,KB10,Keretapi Tanah Melayu,2.802336,101.7998029,KB,Seremban Line,1,Blue,#0000FF,Kuala Lumpur
LABU,KB11,Keretapi Tanah Melayu,2.7540314,101.8266068,KB,Seremban Line,1,Blue,#0000FF,Kuala Lumpur
TIROI,KB12,Keretapi Tanah Melayu,2.7413407,101.8719558,KB,Seremban Line,1,Blue,#0000FF,Kuala Lumpur
SEREMBAN,KB13,Keretapi Tanah Melayu,2.7188308,101.9404842,KB,Seremban Line,1,Blue,#0000FF,Kuala Lumpur
SENAWANG,KB14,Keretapi Tanah Melayu,2.6906203,101.9717709,KB,Seremban Line,1,Blue,#0000FF,Kuala Lumpur
SUNGAI GADUT,KB15,Keretapi Tanah Melayu,2.6604935,101.9961253,KB,Seremban Line,1,Blue,#0000FF,Kuala Lumpur
REMBAU,KB16,Keretapi Tanah Melayu,2.6604935,101.9961253,KB,Seremban Line,1,Blue,#0000FF,Kuala Lumpur
PULAU SEBANG/TAMPIN,KB17,Keretapi Tanah Melayu,2.463626,102.2260987,KB,Seremban Line,1,Blue,#0000FF,Kuala Lumpur
SENTUL,KC01,Keretapi Tanah Melayu,3.1823031,101.6887043,KC,Seremban Line,1,Blue,#0000FF,Kuala Lumpur
BATU KENTOMEN,KC02,Keretapi Tanah Melayu,3.1983357,101.6811632,KC,Seremban Line,1,Blue,#0000FF,Kuala Lumpur
KAMPUNG BATU,KC03,Keretapi Tanah Melayu,3.2047963,101.675646,KC,Seremban Line,1,Blue,#0000FF,Kuala Lumpur
TAMAN WAHYU,KC04,Keretapi Tanah Melayu,3.2145439,101.6721822,KC,Seremban Line,1,Blue,#0000FF,Kuala Lumpur
BATU CAVES,KC05,Keretapi Tanah Melayu,3.2378874,101.6811872,KC,Seremban Line,1,Blue,#0000FF,Kuala Lumpur
ABDULLAH HUKUM,KD01,Keretapi Tanah Melayu,3.118735,101.672897,KD,Port Klang Line,2,Red,#ff0000,Kuala Lumpur
ANGKASAPURI,KD02,Keretapi Tanah Melayu,3.1135063,101.6732256,KD,Port Klang Line,2,Red,#ff0000,Kuala Lumpur
PANTAI DALAM,KD03,Keretapi Tanah Melayu,3.0956045,101.6700133,KD,Port Klang Line,2,Red,#ff0000,Kuala Lumpur
PETALING,KD04,Keretapi Tanah Melayu,3.0862146,101.6641499,KD,Port Klang Line,2,Red,#ff0000,Kuala Lumpur
JALAN TEMPLER,KD05,Keretapi Tanah Melayu,3.083530,101.656641,KD,Port Klang Line,2,Red,#ff0000,Kuala Lumpur
KAMPUNG DATO HARUN,KD06,Keretapi Tanah Melayu,3.084461,101.6322709,KD,Port Klang Line,2,Red,#ff0000,Kuala Lumpur
SERI SETIA,KD07,Keretapi Tanah Melayu,3.0845398,101.6218982,KD,Port Klang Line,2,Red,#ff0000,Kuala Lumpur
SETIA JAYA,KD08,Keretapi Tanah Melayu,3.0831687,101.6114441,KD,Port Klang Line,2,Red,#ff0000,Kuala Lumpur
SUBANG JAYA,KD09,Keretapi Tanah Melayu,3.084660,101.588127,KD,Port Klang Line,2,Red,#ff0000,Kuala Lumpur
BATU TIGA,KD10,Keretapi Tanah Melayu,3.075857,101.559779,KD,Port Klang Line,2,Red,#ff0000,Kuala Lumpur
SHAH ALAM,KD11,Keretapi Tanah Melayu,3.0564286,101.5251133,KD,Port Klang Line,2,Red,#ff0000,Kuala Lumpur
PADANG JAWA,KD12,Keretapi Tanah Melayu,3.0523254,101.4927002,KD,Port Klang Line,2,Red,#ff0000,Kuala Lumpur
BUKIT BADAK,KD13,Keretapi Tanah Melayu,3.0359966,101.470249,KD,Port Klang Line,2,Red,#ff0000,Kuala Lumpur
KLANG,KD14,Keretapi Tanah Melayu,3.042951,101.449642,KD,Port Klang Line,2,Red,#ff0000,Kuala Lumpur
TELUK PULAI,KD15,Keretapi Tanah Melayu,3.0408108,101.4321487,KD,Port Klang Line,2,Red,#ff0000,Kuala Lumpur
TELUK GADONG,KD16,Keretapi Tanah Melayu,3.033890,101.42491,KD,Port Klang Line,2,Red,#ff0000,Kuala Lumpur
KAMPUNG RAJA UDA,KD17,Keretapi Tanah Melayu,3.020160,101.41028,KD,Port Klang Line,2,Red,#ff0000,Kuala Lumpur
JALAN KASTAM,KD18,Keretapi Tanah Melayu,3.013000,101.4026,KD,Port Klang Line,2,Red,#ff0000,Kuala Lumpur
PORT KLANG,KD19,Keretapi Tanah Melayu,2.999459,101.391373,KD,Port Klang Line,2,Red,#ff0000,Kuala Lumpur
KL SENTRAL,KE1,Express Rail Link,3.132675,101.687891,KE,KLIA Ekspres,6,Purple,#800080,Kuala Lumpur
KUALA LUMPUR INTERNATIONAL AIRPORT,KE2,Express Rail Link,2.7549259,101.7048248,KE,KLIA Ekspres,6,Purple,#800080,Kuala Lumpur
KLIA2,KE3,Express Rail Link,2.7445694,101.685081,KE,KLIA Ekspres,6,Purple,#800080,Kuala Lumpur
GOMBAK,KJ1,Rapid KL,3.231206,101.724429,KJ,Kelana Jaya Line,5,Ruby,#e0115f,Kuala Lumpur
KLCC,KJ10,Rapid KL,3.158935,101.713287,KJ,Kelana Jaya Line,5,Ruby,#e0115f,Kuala Lumpur
KAMPUNG BARU,KJ11,Rapid KL,3.161386,101.706608,KJ,Kelana Jaya Line,5,Ruby,#e0115f,Kuala Lumpur
DANG WANGI,KJ12,Rapid KL,3.156942,101.701975,KJ,Kelana Jaya Line,5,Ruby,#e0115f,Kuala Lumpur
MASJID JAMEK,KJ13,Rapid KL,3.149714,101.696815,KJ,Kelana Jaya Line,5,Ruby,#e0115f,Kuala Lumpur
PASAR SENI,KJ14,Rapid KL,3.142439,101.695310,KJ,Kelana Jaya Line,5,Ruby,#e0115f,Kuala Lumpur
KL SENTRAL,KJ15,Rapid KL,3.134067,101.686535,KJ,Kelana Jaya Line,5,Ruby,#e0115f,Kuala Lumpur
BANGSAR,KJ16,Rapid KL,3.127588,101.679062,KJ,Kelana Jaya Line,5,Ruby,#e0115f,Kuala Lumpur
ABDULLAH HUKUM,KJ17,Rapid KL,3.118735,101.672897,KJ,Kelana Jaya Line,5,Ruby,#e0115f,Kuala Lumpur
KERINCHI,KJ18,Rapid KL,3.115506,101.668572,KJ,Kelana Jaya Line,5,Ruby,#e0115f,Kuala Lumpur
UNIVERSITI,KJ19,Rapid KL,3.114616,101.661639,KJ,Kelana Jaya Line,5,Ruby,#e0115f,Kuala Lumpur
TAMAN MELATI,KJ2,Rapid KL,3.219558,101.721970,KJ,Kelana Jaya Line,5,Ruby,#e0115f,Kuala Lumpur
TAMAN JAYA,KJ20,Rapid KL,3.104086,101.645248,KJ,Kelana Jaya Line,5,Ruby,#e0115f,Kuala Lumpur
ASIA JAYA,KJ21,Rapid KL,3.104343,101.637695,KJ,Kelana Jaya Line,5,Ruby,#e0115f,Kuala Lumpur
TAMAN PARAMOUNT,KJ22,Rapid KL,3.104716,101.623192,KJ,Kelana Jaya Line,5,Ruby,#e0115f,Kuala Lumpur
TAMAN BAHAGIA,KJ23,Rapid KL,3.110790,101.612856,KJ,Kelana Jaya Line,5,Ruby,#e0115f,Kuala Lumpur
KELANA JAYA,KJ24,Rapid KL,3.112497,101.604300,KJ,Kelana Jaya Line,5,Ruby,#e0115f,Kuala Lumpur
LEMBAH SUBANG,KJ25,Rapid KL,3.112094,101.591034,KJ,Kelana Jaya Line,5,Ruby,#e0115f,Kuala Lumpur
ARA DAMANSARA,KJ26,Rapid KL,3.108452,101.586644,KJ,Kelana Jaya Line,5,Ruby,#e0115f,Kuala Lumpur
GLENMARIE,KJ27,Rapid KL,3.095902,101.590474,KJ,Kelana Jaya Line,5,Ruby,#e0115f,Kuala Lumpur
SUBANG JAYA,KJ28,Rapid KL,3.084862,101.587240,KJ,Kelana Jaya Line,5,Ruby,#e0115f,Kuala Lumpur
SS15,KJ29,Rapid KL,3.075895,101.586027,KJ,Kelana Jaya Line,5,Ruby,#e0115f,Kuala Lumpur
WANGSA MAJU,KJ3,Rapid KL,3.205751,101.731796,KJ,Kelana Jaya Line,5,Ruby,#e0115f,Kuala Lumpur
SS18,KJ30,Rapid KL,3.066939,101.586167,KJ,Kelana Jaya Line,5,Ruby,#e0115f,Kuala Lumpur
USJ7,KJ31,Rapid KL,3.055025,101.591907,KJ,Kelana Jaya Line,5,Ruby,#e0115f,Kuala Lumpur
TAIPAN,KJ32,Rapid KL,3.047826,101.590201,KJ,Kelana Jaya Line,5,Ruby,#e0115f,Kuala Lumpur
WAWASAN,KJ33,Rapid KL,3.034969,101.588194,KJ,Kelana Jaya Line,5,Ruby,#e0115f,Kuala Lumpur
USJ21,KJ34,Rapid KL,3.029735,101.581854,KJ,Kelana Jaya Line,5,Ruby,#e0115f,Kuala Lumpur
ALAM MEGAH,KJ35,Rapid KL,3.023151,101.572029,KJ,Kelana Jaya Line,5,Ruby,#e0115f,Kuala Lumpur
SUBANG ALAM,KJ36,Rapid KL,3.010070,101.572080,KJ,Kelana Jaya Line,5,Ruby,#e0115f,Kuala Lumpur
PUTRA HEIGHTS,KJ37,Rapid KL,2.996227,101.575462,KJ,Kelana Jaya Line,5,Ruby,#e0115f,Kuala Lumpur
SRI RAMPAI,KJ4,Rapid KL,3.199176,101.737470,KJ,Kelana Jaya Line,5,Ruby,#e0115f,Kuala Lumpur
SETIAWANGSA,KJ5,Rapid KL,3.175760,101.735840,KJ,Kelana Jaya Line,5,Ruby,#e0115f,Kuala Lumpur
JELATEK,KJ6,Rapid KL,3.167204,101.735344,KJ,Kelana Jaya Line,5,Ruby,#e0115f,Kuala Lumpur
DATO' KERAMAT,KJ7,Rapid KL,3.165090,101.731840,KJ,Kelana Jaya Line,5,Ruby,#e0115f,Kuala Lumpur
DAMAI,KJ8,Rapid KL,3.164406,101.724489,KJ,Kelana Jaya Line,5,Ruby,#e0115f,Kuala Lumpur
AMPANG PARK,KJ9,Rapid KL,3.159894,101.719017,KJ,Kelana Jaya Line,5,Ruby,#e0115f,Kuala Lumpur
KL SENTRAL,KS01,Keretapi Tanah Melayu,3.132675,101.687891,KS,Skypark Link,10,Brown,#A52A2A,Kuala Lumpur
SUBANG JAYA,KS02,Keretapi Tanah Melayu,3.084660,101.588127,KS,Skypark Link,10,Brown,#A52A2A,Kuala Lumpur
TERMINAL SKYPARK,KS03,Keretapi Tanah Melayu,3.134420,101.55543,KS,Skypark Link,10,Brown,#A52A2A,Kuala Lumpur
KL SENTRAL,KT1,Express Rail Link,3.132675,101.687891,KT,KLIA Transit,7,Teal,#139593,Kuala Lumpur
BANDAR TASIK SELATAN,KT2,Express Rail Link,3.076067,101.711311,KT,KLIA Transit,7,Teal,#139593,Kuala Lumpur
PUTRAJAYA & CYBERJAYA,KT3,Express Rail Link,2.9314193,101.6708369,KT,KLIA Transit,7,Teal,#139593,Kuala Lumpur
SALAK TINGGI,KT4,Express Rail Link,2.8257973,101.7133911,KT,KLIA Transit,7,Teal,#139593,Kuala Lumpur
KUALA LUMPUR INTERNATIONAL AIRPORT,KT5,Express Rail Link,2.7549259,101.7048248,KT,KLIA Transit,7,Teal,#139593,Kuala Lumpur
KLIA2,KT6,Express Rail Link,2.7445694,101.685081,KT,KLIA Transit,7,Teal,#139593,Kuala Lumpur
KL SENTRAL,MR1,Rapid KL,3.132675,101.687891,MR,KL Monorail Line,8,Light Green,#7dba00,Kuala Lumpur
CHOW KIT,MR10,Rapid KL,3.167394,101.698385,MR,KL Monorail Line,8,Light Green,#7dba00,Kuala Lumpur
TITIWANGSA,MR11,Rapid KL,3.173204,101.695964,MR,KL Monorail Line,8,Light Green,#7dba00,Kuala Lumpur
TUN SAMBANTHAN,MR2,Rapid KL,3.131452,101.690862,MR,KL Monorail Line,8,Light Green,#7dba00,Kuala Lumpur
MAHARAJALELA,MR3,Rapid KL,3.138948,101.699203,MR,KL Monorail Line,8,Light Green,#7dba00,Kuala Lumpur
HANG TUAH,MR4,Rapid KL,3.140681,101.706037,MR,KL Monorail Line,8,Light Green,#7dba00,Kuala Lumpur
IMBI,MR5,Rapid KL,3.142812,101.709447,MR,KL Monorail Line,8,Light Green,#7dba00,Kuala Lumpur
BUKIT BINTANG,MR6,Rapid KL,3.146077,101.711499,MR,KL Monorail Line,8,Light Green,#7dba00,Kuala Lumpur
RAJA CHULAN,MR7,Rapid KL,3.150837,101.710442,MR,KL Monorail Line,8,Light Green,#7dba00,Kuala Lumpur
BUKIT NANAS,MR8,Rapid KL,3.156244,101.704766,MR,KL Monorail Line,8,Light Green,#7dba00,Kuala Lumpur
MEDAN TUANKU,MR9,Rapid KL,3.159271,101.698900,MR,KL Monorail Line,8,Light Green,#7dba00,Kuala Lumpur
SUNWAY-SETIA JAYA,SB1,Rapid Bus,3.082920,101.61228,SB,BRT Sunway Line,B1,Dark Green,#1E4D2B,Kuala Lumpur
MENTARI,SB2,Rapid Bus,3.076130,101.61023,SB,BRT Sunway Line,B1,Dark Green,#1E4D2B,Kuala Lumpur
SUNWAY LAGOON,SB3,Rapid Bus,3.070650,101.61079,SB,BRT Sunway Line,B1,Dark Green,#1E4D2B,Kuala Lumpur
SUNMED,SB4,Rapid Bus,3.065540,101.60861,SB,BRT Sunway Line,B1,Dark Green,#1E4D2B,Kuala Lumpur
SUNU MONASH,SB5,Rapid Bus,3.065300,101.60161,SB,BRT Sunway Line,B1,Dark Green,#1E4D2B,Kuala Lumpur
SOUTH QUAY-USJ1,SB6,Rapid Bus,3.061620,101.59681,SB,BRT Sunway Line,B1,Dark Green,#1E4D2B,Kuala Lumpur
USJ7,SB7,Rapid Bus,3.055250,101.59198,SB,BRT Sunway Line,B1,Dark Green,#1E4D2B,Kuala Lumpur
SUNGAI BULOH,SBK01,Rapid KL,3.206333,101.581736,SB,MRT Sungai Buloh - Kajang Line,9,Green,#008000,Kuala Lumpur
KAMPUNG SELAMAT,SBK02,Rapid KL,3.197270,101.578500,SB,MRT Sungai Buloh - Kajang Line,9,Green,#008000,Kuala Lumpur
KWASA DAMANSARA,SBK04,Rapid KL,3.176150,101.572050,SB,MRT Sungai Buloh - Kajang Line,9,Green,#008000,Kuala Lumpur
KWASA SENTRAL,SBK05,Rapid KL,3.169826,101.564913,SB,MRT Sungai Buloh - Kajang Line,9,Green,#008000,Kuala Lumpur
KOTA DAMANSARA,SBK06,Rapid KL,3.150130,101.578690,SB,MRT Sungai Buloh - Kajang Line,9,Green,#008000,Kuala Lumpur
SURIAN,SBK07,Rapid KL,3.149480,101.593920,SB,MRT Sungai Buloh - Kajang Line,9,Green,#008000,Kuala Lumpur
MUTIARA DAMANSARA,SBK08,Rapid KL,3.155300,101.609080,SB,MRT Sungai Buloh - Kajang Line,9,Green,#008000,Kuala Lumpur
BANDAR UTAMA,SBK09,Rapid KL,3.146504,101.618798,SB,MRT Sungai Buloh - Kajang Line,9,Green,#008000,Kuala Lumpur
TTDI,SBK10,Rapid KL,3.136130,101.630540,SB,MRT Sungai Buloh - Kajang Line,9,Green,#008000,Kuala Lumpur
PHILEO DAMANSARA,SBK12,Rapid KL,3.129037,101.643153,SB,MRT Sungai Buloh - Kajang Line,9,Green,#008000,Kuala Lumpur
PUSAT BANDAR DAMANSARA,SBK13,Rapid KL,3.143323,101.662374,SB,MRT Sungai Buloh - Kajang Line,9,Green,#008000,Kuala Lumpur
SEMANTAN,SBK14,Rapid KL,3.150982,101.665292,SB,MRT Sungai Buloh - Kajang Line,9,Green,#008000,Kuala Lumpur
MUZIUM NEGARA,SBK15,Rapid KL,3.137320,101.687340,SB,MRT Sungai Buloh - Kajang Line,9,Green,#008000,Kuala Lumpur
PASAR SENI,SBK16,Rapid KL,3.142290,101.695560,SB,MRT Sungai Buloh - Kajang Line,9,Green,#008000,Kuala Lumpur
MERDEKA,SBK17,Rapid KL,3.141970,101.702050,SB,MRT Sungai Buloh - Kajang Line,9,Green,#008000,Kuala Lumpur
BUKIT BINTANG,SBK18A,Rapid KL,3.146500,101.710950,SB,MRT Sungai Buloh - Kajang Line,9,Green,#008000,Kuala Lumpur
TUN RAZAK EXCHANGE,SBK20,Rapid KL,3.142400,101.720160,SB,MRT Sungai Buloh - Kajang Line,9,Green,#008000,Kuala Lumpur
COCHRANE,SBK21,Rapid KL,3.132830,101.722960,SB,MRT Sungai Buloh - Kajang Line,9,Green,#008000,Kuala Lumpur
MALURI,SBK22,Rapid KL,3.123620,101.727810,SB,MRT Sungai Buloh - Kajang Line,9,Green,#008000,Kuala Lumpur
TAMAN PERTAMA,SBK23,Rapid KL,3.112550,101.729370,SB,MRT Sungai Buloh - Kajang Line,9,Green,#008000,Kuala Lumpur
TAMAN MIDAH,SBK24,Rapid KL,3.104510,101.732190,SB,MRT Sungai Buloh - Kajang Line,9,Green,#008000,Kuala Lumpur
TAMAN MUTIARA,SBK25,Rapid KL,3.090990,101.740450,SB,MRT Sungai Buloh - Kajang Line,9,Green,#008000,Kuala Lumpur
TAMAN CONNAUGHT,SBK26,Rapid KL,3.079170,101.745220,SB,MRT Sungai Buloh - Kajang Line,9,Green,#008000,Kuala Lumpur
TAMAN SUNTEX,SBK27,Rapid KL,3.071580,101.763550,SB,MRT Sungai Buloh - Kajang Line,9,Green,#008000,Kuala Lumpur
SRI RAYA,SBK28,Rapid KL,3.062270,101.772900,SB,MRT Sungai Buloh - Kajang Line,9,Green,#008000,Kuala Lumpur
BANDAR TUN HUSSIEN ONN,SBK29,Rapid KL,3.048220,101.775110,SB,MRT Sungai Buloh - Kajang Line,9,Green,#008000,Kuala Lumpur
BATU 11 CHERAS,SBK30,Rapid KL,3.041340,101.773380,SB,MRT Sungai Buloh - Kajang Line,9,Green,#008000,Kuala Lumpur
BUKIT DUKUNG,SBK31,Rapid KL,3.026410,101.771070,SB,MRT Sungai Buloh - Kajang Line,9,Green,#008000,Kuala Lumpur
SUNGAI JERNIH,SBK33,Rapid KL,3.000950,101.783860,SB,MRT Sungai Buloh - Kajang Line,9,Green,#008000,Kuala Lumpur
STADIUM KAJANG,SBK34,Rapid KL,2.994510,101.786340,SB,MRT Sungai Buloh - Kajang Line,9,Green,#008000,Kuala Lumpur
KAJANG,SBK35,Rapid KL,2.982780,101.790280,SB,MRT Sungai Buloh - Kajang Line,9,Green,#008000,Kuala Lumpur
SENTUL TIMUR,SP1,Rapid KL,3.185821,101.695335,SP,Sri Petaling Line,4,Maroon,#721422,Kuala Lumpur
PUDU,SP10,Rapid KL,3.134920,101.712011,SP,Sri Petaling Line,4,Maroon,#721422,Kuala Lumpur
CHAN SOW LIN,SP11,Rapid KL,3.128025,101.715546,SP,Sri Petaling Line,4,Maroon,#721422,Kuala Lumpur
CHERAS,SP12,Rapid KL,3.112747,101.714213,SP,Sri Petaling Line,4,Maroon,#721422,Kuala Lumpur
SALAK SELATAN,SP13,Rapid KL,3.102009,101.706273,SP,Sri Petaling Line,4,Maroon,#721422,Kuala Lumpur
BANDAR TUN RAZAK,SP14,Rapid KL,3.089626,101.712414,SP,Sri Petaling Line,4,Maroon,#721422,Kuala Lumpur
BANDAR TASIK SELATAN,SP15,Rapid KL,3.076067,101.711311,SP,Sri Petaling Line,4,Maroon,#721422,Kuala Lumpur
SUNGAI BESI,SP16,Rapid KL,3.063949,101.707987,SP,Sri Petaling Line,4,Maroon,#721422,Kuala Lumpur
BUKIT JALIL,SP17,Rapid KL,3.058148,101.692216,SP,Sri Petaling Line,4,Maroon,#721422,Kuala Lumpur
SRI PETALING,SP18,Rapid KL,3.061533,101.687067,SP,Sri Petaling Line,4,Maroon,#721422,Kuala Lumpur
AWAN BESAR,SP19,Rapid KL,3.062094,101.670606,SP,Sri Petaling Line,4,Maroon,#721422,Kuala Lumpur
SENTUL,SP2,Rapid KL,3.178591,101.695510,SP,Sri Petaling Line,4,Maroon,#721422,Kuala Lumpur
MUHIBBAH,SP20,Rapid KL,3.061934,101.662791,SP,Sri Petaling Line,4,Maroon,#721422,Kuala Lumpur
ALAM SUTERA,SP21,Rapid KL,3.054838,101.656693,SP,Sri Petaling Line,4,Maroon,#721422,Kuala Lumpur
KINRARA,SP22,Rapid KL,3.050456,101.644155,SP,Sri Petaling Line,4,Maroon,#721422,Kuala Lumpur
IOI PUCHONG JAYA,SP24,Rapid KL,3.048131,101.620982,SP,Sri Petaling Line,4,Maroon,#721422,Kuala Lumpur
PUSAT BANDAR PUCHONG,SP25,Rapid KL,3.033284,101.616120,SP,Sri Petaling Line,4,Maroon,#721422,Kuala Lumpur
TAMAN PERINDUSTRIAN PUCHONG (TPP),SP26,Rapid KL,3.022811,101.613433,SP,Sri Petaling Line,4,Maroon,#721422,Kuala Lumpur
BANDAR PUTERI,SP27,Rapid KL,3.017065,101.612829,SP,Sri Petaling Line,4,Maroon,#721422,Kuala Lumpur
PUCHONG PERDANA,SP28,Rapid KL,3.007852,101.605253,SP,Sri Petaling Line,4,Maroon,#721422,Kuala Lumpur
PUCHONG PRIMA,SP29,Rapid KL,2.999892,101.596738,SP,Sri Petaling Line,4,Maroon,#721422,Kuala Lumpur
TITIWANGSA,SP3,Rapid KL,3.173591,101.695273,SP,Sri Petaling Line,4,Maroon,#721422,Kuala Lumpur
PUTRA HEIGHTS,SP31,Rapid KL,2.995969,101.575544,SP,Sri Petaling Line,4,Maroon,#721422,Kuala Lumpur
PWTC,SP4,Rapid KL,3.166563,101.693594,SP,Sri Petaling Line,4,Maroon,#721422,Kuala Lumpur
SULTAN ISMAIL,SP5,Rapid KL,3.161185,101.694127,SP,Sri Petaling Line,4,Maroon,#721422,Kuala Lumpur
BANDARAYA,SP6,Rapid KL,3.155548,101.694406,SP,Sri Petaling Line,4,Maroon,#721422,Kuala Lumpur
MASJID JAMEK,SP7,Rapid KL,3.149462,101.696396,SP,Sri Petaling Line,4,Maroon,#721422,Kuala Lumpur
PLAZA RAKYAT,SP8,Rapid KL,3.144264,101.702054,SP,Sri Petaling Line,4,Maroon,#721422,Kuala Lumpur
HANG TUAH,SP9,Rapid KL,3.139843,101.706133,SP,Sri Petaling Line,4,Maroon,#721422,Kuala Lumpur
